{"cameraMode":{"drawMode":0,"name":"Shaded","section":"Shading Mode"},"sceneLighting":true,"audioPlay":false,"sceneViewState":{"showFog":true,"showMaterialUpdate":false,"showSkybox":false,"showFlares":true,"showImageEffects":true,"showParticleSystems":true},"in2DMode":false,"pivot":{"x":8.605611801147461,"y":6.628889083862305,"z":-8.8399658203125},"rotation":{"x":0.1730104386806488,"y":0.6033784747123718,"z":-0.1361912041902542,"w":0.7664688229560852},"size":22.82224464416504,"orthographic":false}