{"cameraMode":{"drawMode":0,"name":"Shaded","section":"Shading Mode"},"sceneLighting":false,"audioPlay":false,"sceneViewState":{"showFog":true,"showMaterialUpdate":false,"showSkybox":false,"showFlares":true,"showImageEffects":true,"showParticleSystems":true},"in2DMode":false,"pivot":{"x":-1.7856066226959229,"y":1.089619517326355,"z":-4.76837158203125e-7},"rotation":{"x":0.02113756351172924,"y":0.6791632771492004,"z":-0.01957116834819317,"w":0.7334391474723816},"size":1.1742976903915406,"orthographic":false}