{"cameraMode":{"drawMode":0,"name":"Shaded","section":"Shading Mode"},"sceneLighting":false,"audioPlay":false,"sceneViewState":{"showFog":true,"showMaterialUpdate":false,"showSkybox":true,"showFlares":true,"showImageEffects":true,"showParticleSystems":true},"in2DMode":false,"pivot":{"x":-0.03134603798389435,"y":0.931219220161438,"z":-0.00006109476089477539},"rotation":{"x":-0.07017527520656586,"y":0.7831934690475464,"z":-0.08991902321577072,"w":-0.6112334728240967},"size":3.9311816692352297,"orthographic":false}