{"cameraMode":{"drawMode":0,"name":"Shaded","section":"Shading Mode"},"sceneLighting":false,"audioPlay":false,"sceneViewState":{"showFog":true,"showMaterialUpdate":false,"showSkybox":false,"showFlares":true,"showImageEffects":true,"showParticleSystems":true},"in2DMode":false,"pivot":{"x":18.825639724731447,"y":-11.639588356018067,"z":1.3819172382354737},"rotation":{"x":0.17169271409511567,"y":0.6726357340812683,"z":-0.16482597589492799,"w":0.700658917427063},"size":17.2872257232666,"orthographic":false}