{"cameraMode":{"drawMode":0,"name":"Shaded","section":"Shading Mode"},"sceneLighting":false,"audioPlay":false,"sceneViewState":{"showFog":true,"showMaterialUpdate":false,"showSkybox":false,"showFlares":true,"showImageEffects":true,"showParticleSystems":true},"in2DMode":false,"pivot":{"x":29.20022201538086,"y":1.371217131614685,"z":-2.287637233734131},"rotation":{"x":0.025821788236498834,"y":0.7299631237983704,"z":-0.02760852687060833,"w":0.6824820041656494},"size":12.769692420959473,"orthographic":false}