{"cameraMode":{"drawMode":0,"name":"Shaded","section":"Shading Mode"},"sceneLighting":false,"audioPlay":false,"sceneViewState":{"showFog":true,"showMaterialUpdate":false,"showSkybox":false,"showFlares":true,"showImageEffects":true,"showParticleSystems":true},"in2DMode":false,"pivot":{"x":33.70662307739258,"y":-4.72778844833374,"z":17.46353530883789},"rotation":{"x":0.06737559288740158,"y":0.5565907955169678,"z":-0.045357462018728259,"w":0.8268136382102966},"size":29.49590492248535,"orthographic":false}