{"cameraMode":{"drawMode":0,"name":"Shaded","section":"Shading Mode"},"sceneLighting":false,"audioPlay":false,"sceneViewState":{"showFog":true,"showMaterialUpdate":false,"showSkybox":false,"showFlares":true,"showImageEffects":true,"showParticleSystems":true},"in2DMode":false,"pivot":{"x":0.27239176630973818,"y":1.2404781579971314,"z":0.8378302454948425},"rotation":{"x":-0.013987040147185326,"y":-0.8067752122879028,"z":-0.019118105992674829,"w":0.5904475450515747},"size":0.5598076581954956,"orthographic":false}