{"cameraMode":{"drawMode":0,"name":"Shaded","section":"Shading Mode"},"sceneLighting":false,"audioPlay":false,"sceneViewState":{"showFog":true,"showMaterialUpdate":false,"showSkybox":false,"showFlares":true,"showImageEffects":true,"showParticleSystems":true},"in2DMode":false,"pivot":{"x":19.471906661987306,"y":-3.516204357147217,"z":3.827568292617798},"rotation":{"x":0.08282767236232758,"y":0.6259804368019104,"z":-0.06711622327566147,"w":0.772520899772644},"size":15.018821716308594,"orthographic":false}