{"cameraMode":{"drawMode":0,"name":"Shaded","section":"Shading Mode"},"sceneLighting":false,"audioPlay":false,"sceneViewState":{"showFog":true,"showMaterialUpdate":false,"showSkybox":false,"showFlares":true,"showImageEffects":true,"showParticleSystems":true},"in2DMode":false,"pivot":{"x":-13.18220043182373,"y":-2.5995945930480959,"z":-0.7303826808929443},"rotation":{"x":0.0631713718175888,"y":-0.7109760046005249,"z":0.06437041610479355,"w":0.6974526643753052},"size":13.635002136230469,"orthographic":false}