{"cameraMode":{"drawMode":0,"name":"Shaded","section":"Shading Mode"},"sceneLighting":false,"audioPlay":false,"sceneViewState":{"showFog":true,"showMaterialUpdate":false,"showSkybox":false,"showFlares":true,"showImageEffects":true,"showParticleSystems":true},"in2DMode":false,"pivot":{"x":5.425840377807617,"y":1.5805784463882447,"z":3.59531307220459},"rotation":{"x":0.08605021238327027,"y":0.5713375806808472,"z":-0.0603741817176342,"w":0.8139896988868713},"size":5.368251323699951,"orthographic":false}