{"cameraMode":{"drawMode":0,"name":"Shaded","section":"Shading Mode"},"sceneLighting":false,"audioPlay":false,"sceneViewState":{"showFog":true,"showMaterialUpdate":false,"showSkybox":false,"showFlares":true,"showImageEffects":true,"showParticleSystems":true},"in2DMode":false,"pivot":{"x":-15.954071044921875,"y":-4.449807643890381,"z":5.790578365325928},"rotation":{"x":-0.28486987948417666,"y":0.3309021592140198,"z":-0.10657921433448792,"w":-0.8934878706932068},"size":10.428326606750489,"orthographic":false}