{"cameraMode":{"drawMode":0,"name":"Shaded","section":"Shading Mode"},"sceneLighting":true,"audioPlay":false,"sceneViewState":{"showFog":true,"showMaterialUpdate":false,"showSkybox":false,"showFlares":true,"showImageEffects":true,"showParticleSystems":true},"in2DMode":false,"pivot":{"x":7.502212047576904,"y":4.9312357902526859,"z":3.8528919219970705},"rotation":{"x":-0.11992289125919342,"y":-0.04015595465898514,"z":0.0048726568929851059,"w":-0.9919828772544861},"size":16.065814971923829,"orthographic":false}